au,25,77022,2,àu=,oe4,rr: 
o,25,125086,2,ô,oe5,rr: 
aux,25,158838,2,àu=x0,oe6,rr: 
eau,25,199032,2,èàu=,oe7,rr: 
emme,25,389513,2,emmè,em2,rr: 
dac,124,248685,3,dac,dak2,rr: 
bem,125,165819,3,bem,bem,rr: 
phan,125,188552,3,þħan,fan2,rr: 
pham,125,198068,3,þħam,fam,rr: 
damme,125,236040,3,dammè,dam3,rr: 
behn,125,277242,3,beħn,ben3,rr: 
baer,126,223163,3,bãèr,ber1,rr: 
phar,126,240572,3,þħār#,far4,rr: 
behr,126,240796,3,beħr,ber2,rr: 
ebbs,126,288326,3,ebbś,ebz,rr: 
dass,128,210448,3,dass,das2,rr: 
dawe,128,238059,3,dåw0è,daw3,rr: 
adss,128,278355,3,adss,ads,rr: 
daw,128,294154,3,dåw0,daw4,rr: 
gad,132,196605,3,gad,gad1,rr: 
gadd,132,249102,3,gadd,gad2,rr: 
haddad,132,282285,3,haddàd0,had2,rr: 
bildt,134,290675,3,bild0t0,bil3,rr: 
gar,136,321086,3,gār#,gar2,rr: 
haw,138,175325,3,håw0,haw3,rr: 
hau,138,188457,3,háυ,haw4,rr: 
hoar,138,280392,3,høàr0,haw5,rr: 
cay,142,190865,3,cãý,kae3,rr: 
ladd,142,216828,3,ladd,lad2,rr: 
jaye,142,293366,3,jãýè,jae2,rr: 
laye,142,316785,3,lãýè,lae2,rr: 
jac,144,280689,3,jac,jak2,rr: 
cann,145,144210,3,cann,kan3,rr: 
jamb,145,199797,3,jamb0,jam2,rr: 
kam,145,223580,3,kam,kam2,rr: 
cahn,145,236918,3,caħn,kan4,rr: 
kan,145,245994,3,kan,kan5,rr: 
camm,145,274452,3,camm,kam3,rr: 
lambe,145,293247,3,lamb0è,lam3,rr: 
jahn,145,297895,3,jaħn,jan2,rr: 
ka,146,146065,3,kā,kar4,rr: 
als,146,174531,3,alś,alz,rr: 
capp,146,176260,3,capp,kap2,rr: 
zsa,146,180435,3,z#s0ā,jar2,rr: 
jap,146,207644,3,jap,jap,rr: 
lahr,146,226982,3,lāħr,lar2,rr: 
lapp,146,237870,3,lapp,lap2,rr: 
lar,146,308084,3,lār#,lar3,rr: 
lore,148,79481,3,lør#è,law2,rr: 
ax,148,121149,3,ax,aks2,rr: 
cass,148,127340,3,cass,kas1,rr: 
cas,148,142114,3,cas,kas2,rr: 
caw,148,199521,3,cåw0,kaw4,rr: 
lor,148,207235,3,lør#,law3,rr: 
lau,148,219093,3,láυ,law4,rr: 
loehr,148,256091,3,løèħr,law5,rr: 
corr,148,267956,3,cør#r0,kaw5,rr: 
laure,148,297755,3,låùr0è,law6,rr: 
naff,152,108871,3,naff,naf,rr: 
beaux,152,139492,3,bèàu=x0,boe6,rr: 
nad,152,238948,3,nad,nad,rr: 
malle,154,303341,3,mallè,mal2,rr: 
bom,155,78484,3,bom,bom2,rr: 
bohm,155,186851,3,boħm,bom3,rr: 
manne,155,203427,3,mannè,man3,rr: 
bonne,155,213790,3,bonnè,bon3,rr: 
nap,156,70875,3,nap,nap1,rr: 
bop,156,118195,3,bop,bop,rr: 
naw,156,128625,3,nāw0,nar3,rr: 
knapp,156,130252,3,k0napp,nap2,rr: 
maher,156,167576,3,māħèr,mar4,rr: 
mah,156,168045,3,māħ,mar5,rr: 
ams,156,179245,3,amś,amz,rr: 
gnat,157,207126,3,g0nat,nat2,rr: 
bao,158,132212,3,bàõ,bow3,rr: 
maw,158,139860,3,måw0,maw4,rr: 
gnaw,158,175175,3,g0nåw0,naw2,rr: 
bos,158,223261,3,bos,bos2,rr: 
mohr,158,226415,3,møħr,maw5,rr: 
knorr,158,282467,3,k0nør#r0,naw3,rr: 
raff,162,257652,3,raff,raf2,rr: 
pac,164,78561,3,pac,pak2,rr: 
zack,164,97618,3,zack0,zak2,rr: 
zak,164,131264,3,zak,zak3,rr: 
pak,164,158963,3,pak,pak3,rr: 
wrack,164,306687,3,w0rack0,rak2,rr: 
arne,165,231892,3,ār#nè,arn,rr: 
pap,166,104135,3,pap,pap,rr: 
rha,166,105059,3,rħā,rar3,rr: 
arp,166,149527,3,ār#p,arp,rr: 
zap,166,156520,3,zap,zap1,rr: 
czar,166,159715,3,c0zār#,zar,rr: 
ares,166,197172,3,ār#èś,arz1,rr: 
zapp,166,202482,3,zapp,zap2,rr: 
rapp,166,255986,3,rapp,rap3,rr: 
ahs,166,296051,3,āħś,arz2,rr: 
raz,166,307790,3,raz,raz,rr: 
apps,168,111387,3,apps,aps,rr: 
por,168,128033,3,pør#,paw4,rr: 
arce,168,280437,3,ār#çè,ars2,rr: 
rau,168,283199,3,ráυ,raw2,rr: 
vann,175,232683,3,vann,van2,rr: 
bir,176,173117,3,bìŕ,bur3,rr: 
tarr,176,248741,3,tār#r0,tar3,rr: 
bur,176,255829,3,bùŕ,bur4,rr: 
tass,178,96201,3,tass,tas,rr: 
torre,178,141309,3,tør#r0è,taw3,rr: 
buss,178,212131,3,buss,bus2,rr: 
torr,178,266413,3,tør#r0,taw4,rr: 
ores,186,109564,3,ør#èś,awz2,rr: 
yah,186,128093,3,yāħ,yar3,rr: 
sar,186,129227,3,sār#,sar2,rr: 
asp,186,133413,3,asp,asp,rr: 
asses,186,141221,3,asśès0,asz,rr: 
aus,186,214021,3,áυś,awz3,rr: 
warr,188,151735,3,wår0r0,waw5,rr: 
yore,188,185710,3,yør#è,yaw2,rr: 
yaw,188,186336,3,yåw0,yaw3,rr: 
sor,188,195681,3,sør#,saw4,rr: 
fil,234,249175,3,fil,fil3,rr: 
dic,234,278026,3,dic,dik3,rr: 
henn,235,298277,3,henn,hen2,rr: 
dea,238,67305,3,dêà,diy2,rr: 
dis,238,75281,3,dis,dis1,rr: 
hesse,238,134589,3,hessè,hes2,rr: 
diss,238,144777,3,diss,dis2,rr: 
haigh,238,165053,3,hâìg0ħ,hey2,rr: 
jem,245,124981,3,jem,jem2,rr: 
med,252,100593,3,med,med,rr: 
ode,252,104622,3,ôdè,oed2,rr: 
fo,252,105000,3,fô,foe2,rr: 
neff,252,208558,3,neff,nef,rr: 
foy,253,178111,3,fσy0,foi2,rr: 
fogg,253,203266,3,fogg,fog2,rr: 
mel,254,49997,3,mel,mel,rr: 
knell,254,133182,3,k0nell,nel2,rr: 
nel,254,197186,3,nel,nel3,rr: 
dol,254,204844,3,dol,dol2,rr: 
fu,255,101920,3,fü,foo2,rr: 
donne,255,111268,3,dónnè,don1,rr: 
ohm,255,150885,3,ôħm,oem,rr: 
deux,255,152526,3,dëùx0,doo6,rr: 
foo,255,171087,3,föò,foo3,rr: 
phu,255,254093,3,þħü,foo4,rr: 
donn,255,279307,3,donn,don2,rr: 
foss,258,176648,3,foss,fos2,rr: 
nes,258,182973,3,nes,nes2,rr: 
doss,258,201323,3,doss,dos,rr: 
ence,258,210000,3,ençè,ens,rr: 
dao,258,257239,3,dàõ,dow2,rr: 
renn,265,287325,3,renn,ren2,rr: 
ren,265,290493,3,ren,ren3,rr: 
duc,274,86614,3,duc,duk2,rr: 
yule,274,151770,3,y0ûlè,uel,rr: 
tek,274,187820,3,tek,tek3,rr: 
teck,274,257981,3,teck0,tek4,rr: 
dum,275,97898,3,dum,dum2,rr: 
dunne,275,114226,3,dunnè,dun4,rr: 
venn,275,190505,3,venn,ven,rr: 
fir,276,60998,3,fìŕ,fur2,rr: 
fer,276,61803,3,fèŕ,fur3,rr: 
fuzz,276,137361,3,fuzz,fuz,rr: 
ure,276,160142,3,ûrè,uer,rr: 
youse,276,209604,3,y0òûśè,uez3,rr: 
fie,278,70000,3,fîè,fuy1,rr: 
dai,278,70941,3,dàî,duy4,rr: 
phi,278,167597,3,þħî,fuy2,rr: 
ail,284,129356,3,âìl,eyl2,rr: 
cel,284,238514,3,çel,sel3,rr: 
lyn,345,61988,3,lẏn,lin2,rr: 
lin,345,72978,3,lin,lin3,rr: 
lim,345,160674,3,lim,lim2,rr: 
jin,345,177170,3,jin,jin2,rr: 
linn,345,186746,3,linn,lin4,rr: 
linh,345,203444,3,linħ,lin5,rr: 
qin,345,271866,3,qin,kin2,rr: 
gee,348,63066,3,ĝêè,jiy1,rr: 
kee,348,77280,3,kêè,kiy3,rr: 
ly,348,85834,3,lý,liy5,rr: 
ki,348,126360,3,kï,kiy4,rr: 
ilse,348,147560,3,ilsè,ils,rr: 
lis,348,154528,3,lis,lis1,rr: 
liss,348,168588,3,liss,lis2,rr: 
ji,348,256238,3,jï,jiy2,rr: 
quai,348,276227,3,qùàï,kiy5,rr: 
qi,348,307552,3,qï,kiy6,rr: 
ngo,352,153520,3,n0gô,goe3,rr: 
goh,352,174254,3,gôħ,goe4,rr: 
hof,352,232393,3,hof,hof1,rr: 
hoff,352,305655,3,hoff,hof2,rr: 
mic,354,135695,3,mic,mik2,rr: 
inge,354,139930,3,inĝè,inj,rr: 
mille,354,144525,3,millè,mil3,rr: 
hoc,354,146786,3,hoc,hok1,rr: 
hock,354,153146,3,hock0,hok2,rr: 
nik,354,161892,3,nik,nik2,rr: 
hoch,354,207882,3,hocħ,hok3,rr: 
knill,354,277557,3,k0nill,nil2,rr: 
hew,355,140000,3,hëw0,hoo4,rr: 
hou,355,181821,3,höù,hoo5,rr: 
gu,355,255006,3,gü,goo2,rr: 
hom,355,279377,3,hom,hom2,rr: 
mis,358,117400,3,mis,mis2,rr: 
gow,358,133549,3,gõw0,gow,rr: 
goss,358,146688,3,goss,gos1,rr: 
gosse,358,148585,3,gossè,gos2,rr: 
mee,358,222621,3,mêè,miy3,rr: 
mea,358,225438,3,mêà,miy4,rr: 
hoss,358,233443,3,hoss,hos,rr: 
hao,358,254173,3,hàõ,how3,rr: 
rill,364,266290,3,rill,ril,rr: 
zea,368,310614,3,zêà,ziy3,rr: 
tic,374,130301,3,tic,tik2,rr: 
gul,374,218606,3,gul,gul2,rr: 
vick,374,231234,3,vick0,vik2,rr: 
vin,375,105959,3,vin,vin,rr: 
vim,375,242441,3,vim,vim,rr: 
gus,378,70672,3,gus,gus,rr: 
vee,378,155148,3,vêè,viy,rr: 
sinn,385,295074,3,sinn,sin2,rr: 
witt,387,145943,3,witt,wit3,rr: 
witte,387,234615,3,wittè,wit4,rr: 
yi,388,148746,3,yï,yiy2,rr: 
oui,388,151599,3,òυï,wiy3,rr: 
cod,452,46767,3,cod,kod1,rr: 
coe,452,86425,3,côè,koe2,rr: 
loe,452,149642,3,lôè,loe4,rr: 
ko,452,149926,3,kô,koe3,rr: 
koh,452,207910,3,kôħ,koe4,rr: 
codd,452,241150,3,codd,kod2,rr: 
joffe,452,282786,3,joffè,jof,rr: 
joh,452,291130,3,jôħ,joe3,rr: 
kok,454,169057,3,kok,kok2,rr: 
loll,454,233600,3,loll,lol,rr: 
ju,455,57186,3,jü,joo2,rr: 
com,455,83643,3,com,kom1,rr: 
cou,455,112518,3,cöù,koo2,rr: 
lu,455,123469,3,lü,loo3,rr: 
ku,455,141270,3,kü,koo3,rr: 
coo,455,145358,3,cöò,koo4,rr: 
conn,455,164293,3,conn,kon2,rr: 
qu,455,181338,3,qü,koo5,rr: 
koo,455,185577,3,köò,koo6,rr: 
lew,455,190711,3,lëw0,loo4,rr: 
joo,455,219159,3,jöò,joo3,rr: 
kohn,455,224920,3,koħn,kon3,rr: 
lon,455,238910,3,lon,lon,rr: 
leu,455,251534,3,lëù,loo5,rr: 
qom,455,266994,3,qom,kom2,rr: 
kos,458,141288,3,kos,kos,rr: 
ochs,458,248584,3,ocħs,oks2,rr: 
cao,458,294966,3,càõ,kow3,rr: 
pod,562,68610,3,pod,pod,rr: 
rowe,562,75068,3,rôw0è,roe6,rr: 
poe,562,121327,3,pôè,poe2,rr: 
rho,562,200973,3,rħô,roe7,rr: 
roux,565,126367,3,röùx0,roo2,rr: 
poo,565,135754,3,pöò,poo4,rr: 
zhu,565,156243,3,zħü,zoo2,rr: 
zhou,565,216566,3,zħöù,zoo3,rr: 
pom,565,270067,3,pom,pom,rr: 
pew,565,3499996,3,pëw0,poo5,rr: 
poss,568,217304,3,poss,pos,rr: 
pao,568,242403,3,pàõ,pow2,rr: 
mudd,572,276801,3,mudd,mud2,rr: 
tonne,575,52458,3,tónnè,ton2,rr: 
tue,575,57543,3,tüè,too3,rr: 
numb,575,57788,3,numb0,num,rr: 
thom,575,95791,3,tħom,tom2,rr: 
tu,575,97902,3,tü,too4,rr: 
nunn,575,114653,3,nunn,nun3,rr: 
munn,575,125891,3,munn,mun,rr: 
vu,575,184201,3,vü,voo,rr: 
mumm,575,239841,3,mumm,mum2,rr: 
wad,582,87860,3,wād,wod,rr: 
whoa,582,114177,3,wħôà,woe3,rr: 
yon,585,104366,3,yon,yon,rr: 
som,585,117593,3,som,som,rr: 
whoo,585,121926,3,wħöò,woo3,rr: 
suu,585,134137,3,süù,soo3,rr: 
sioux,585,160401,3,sìöùx0,soo4,rr: 
soo,585,179700,3,söò,soo5,rr: 
yom,585,234493,3,yom,yom,rr: 
sonne,585,311675,3,sonnè,son,rr: 
russe,678,245458,3,russè,rus2,rr: 
pye,678,3499996,3,pŷè,puy3,rr: 
sul,784,264621,3,sul,sul,rr: 
yun,785,233135,3,yun,yun,rr: 
ise,786,140661,3,îśè,uyz3,rr: 
ire,786,142950,3,îrè,uyr,rr: 
whir,786,155554,3,wħìŕ,wur2,rr: 
whirr,786,155554,3,wħìŕr0,wur3,rr: 
ais,786,209636,3,àîś,uyz4,rr: 
searles,786,299341,3,sèàŕl0ès0,sur3,rr: 
wai,788,254978,3,wàî,wuy3,rr: 
falla,1214,219581,4,fallá,fala,rr: 
falk,1248,109184,4,fål0k,fawk2,rr: 
dall,1248,111321,4,dål0l,dawl,rr: 
dax,1248,149827,4,dax,daks,rr: 
becks,1248,178174,4,beck0s,beks,rr: 
dorm,1258,140752,4,dør#m,dawm1,rr: 
daum,1258,176568,4,dåùm,dawm2,rr: 
gored,1328,241066,4,gør#èd,gawd2,rr: 
hawke,1348,54387,4,håw0kè,hawk2,rr: 
gaul,1348,55568,4,gåùl,gawl3,rr: 
hacks,1348,81377,4,hack0s,haks,rr: 
beale,1348,91294,4,bêàlè,biyl1,rr: 
beal,1348,180450,4,bêàl,biyl2,rr: 
bisque,1348,208650,4,bisqùè,bisk,rr: 
gans,1356,212333,4,ganś,ganz,rr: 
gauze,1368,74935,4,gåùzè,gawz1,rr: 
haas,1368,115164,4,hāàs,hars,rr: 
bier,1368,146727,4,bìêr,biyr,rr: 
gores,1368,224581,4,gør#èś,gawz2,rr: 
haws,1368,237297,4,håw0ś,hawz3,rr: 
laffer,1412,199678,4,laffèŕ,lafa,rr: 
blare,1412,208165,4,blãŕè,blea2,rr: 
kara,1416,132727,4,kārá,kara,rr: 
kappa,1416,133502,4,kappá,kapa1,rr: 
capper,1416,139458,4,cappèŕ,kapa2,rr: 
allis,1438,180390,4,allis,alis2,rr: 
chasm,1456,66113,4,cħaśm,kazm,rr: 
kahn,1456,80338,4,kāħn,karn2,rr: 
carne,1456,84548,4,cār#nè,karn3,rr: 
carn,1456,91691,4,cār#n,karn4,rr: 
caan,1456,227910,4,cāàn,karn5,rr: 
laps,1468,42918,4,laps,laps2,rr: 
cores,1468,51618,4,cør#èś,kawz2,rr: 
japs,1468,154688,4,japs,japs,rr: 
lawes,1468,156862,4,låw0èś,lawz2,rr: 
lapps,1468,204668,4,lapps,laps3,rr: 
axed,1478,55190,4,axèð,akst,rr: 
bligh,1478,150102,4,blîg0ħ,bluy,rr: 
manna,1515,103123,4,manná,mana3,rr: 
nanna,1515,145461,4,nanná,nana2,rr: 
boob,1515,208052,4,böòb,boob,rr: 
anas,1518,159067,4,anás,anas,rr: 
mauer,1518,193360,4,máυèŕ,mawa,rr: 
massa,1518,214186,4,massá,masa2,rr: 
ammo,1525,135888,4,ammô,amoe,rr: 
bown,1525,154365,4,bôw0n,boen2,rr: 
anno,1525,193131,4,annô,anoe,rr: 
boehm,1525,219142,4,bôèħm,boem,rr: 
boase,1526,214549,4,bôàśè,boez5,rr: 
boggs,1536,232816,4,boggś,bogz2,rr: 
bosh,1538,235549,4,boŝħ,bosh,rr: 
anise,1538,237620,4,anísè,anis,rr: 
mort,1578,91560,4,mør#t,mawt,rr: 
naught,1578,95305,4,nåùg0ħt,nawt2,rr: 
norte,1578,156442,4,nør#tè,nawt3,rr: 
gnats,1578,169134,4,g0nats,nats,rr: 
bossed,1578,176659,4,bossèð,bost,rr: 
alla,1614,123669,4,āllá,arla2,rr: 
aral,1614,187230,4,ārál,aral,rr: 
arpa,1616,191136,4,ār#pá,arpa,rr: 
raza,1616,206359,4,razá,raza,rr: 
zarb,1616,237985,4,zār#b,zarb,rr: 
panned,1625,131344,4,pannèd,pand,rr: 
rayne,1625,139122,4,rãýnè,raen,rr: 
brod,1625,216415,4,brod,brod,rr: 
pask,1648,126501,4,pask,pask,rr: 
pax,1648,143437,4,pax,paks2,rr: 
pacs,1648,167304,4,pacs,paks3,rr: 
rask,1648,223886,4,rask,rask,rr: 
amr,1656,163807,4,āmr,armr,rr: 
rasp,1668,91510,4,rasp,rasp,rr: 
raps,1668,109252,4,raps,raps2,rr: 
arps,1668,164057,4,ār#ps,arps,rr: 
tans,1756,88774,4,tanś,tanz,rr: 
bern,1756,106391,4,bèŕn,burn3,rr: 
berndt,1756,110572,4,bèŕnd0t0,burn4,rr: 
vamp,1756,140196,4,vamp,vamp,rr: 
sachs,1848,60451,4,sacħs,saks2,rr: 
sax,1848,82829,4,sax,saks3,rr: 
yorke,1848,93489,4,yør#kè,yawk2,rr: 
wark,1848,103556,4,wår0k,wawk2,rr: 
sacs,1848,107968,4,sacs,saks4,rr: 
wal,1848,141463,4,wål,wawl2,rr: 
sorge,1848,147275,4,sør#ĝè,sawj,rr: 
saks,1848,150409,4,saks,saks5,rr: 
whacks,1848,228792,4,wħack0s,waks2,rr: 
hale,2348,44766,4,hâlè,heyl2,rr: 
gail,2348,45181,4,gâìl,geyl2,rr: 
dicks,2348,71715,4,dick0s,diks,rr: 
gael,2348,75508,4,gâèl,geyl3,rr: 
gage,2348,93715,4,gâĝè,geyj2,rr: 
fisk,2348,143256,4,fisk,fisk1,rr: 
hake,2348,193727,4,hâkè,heyk,rr: 
fiske,2348,225487,4,fiskè,fisk2,rr: 
hage,2348,237738,4,hâĝè,heyj,rr: 
dees,2368,189648,4,dêèś,diyz,rr: 
fist,2378,18611,4,fist,fist,rr: 
feat,2378,35269,4,fêàt,fiyt2,rr: 
gait,2378,60858,4,gâìt,geyt2,rr: 
flann,2415,191493,4,flann,flan2,rr: 
flam,2415,199549,4,flam,flam,rr: 
elma,2415,234016,4,elmá,elma2,rr: 
calle,2448,175675,4,câllè,keyl3,rr: 
kael,2448,192562,4,kâèl,keyl4,rr: 
jens,2456,196389,4,jenś,jenz2,rr: 
caine,2458,65197,4,câìnè,keyn4,rr: 
floss,2458,94053,4,floss,flos,rr: 
laine,2458,218906,4,lâìnè,leyn3,rr: 
jest,2478,76308,4,jest,jest,rr: 
cate,2478,217523,4,câtè,keyt2,rr: 
dolled,2524,186897,4,dollèd,dold,rr: 
doak,2524,212572,4,dôàk,doek,rr: 
donned,2525,70137,4,donnèd,dond,rr: 
eno,2525,90727,4,enô,enoe,rr: 
dude,2525,98314,4,düdè,dood,rr: 
doan,2525,219954,4,dôàn,doen2,rr: 
oaks,2548,39711,4,ôàks,oeks1,rr: 
fowl,2548,64294,4,fõw0l,fowl2,rr: 
oakes,2548,106556,4,ôàkès,oeks2,rr: 
mex,2548,198182,4,mex,meks,rr: 
dews,2556,225112,4,dëw0ś,dooz2,rr: 
oates,2578,76618,4,ôàtès,oets2,rr: 
nate,2578,104388,4,nâtè,neyt,rr: 
knave,2578,116618,4,k0nâvè,neyv2,rr: 
dost,2578,122713,4,dost,dost,rr: 
ost,2578,194082,4,ôst,oest,rr: 
neste,2578,202014,4,nestè,nest2,rr: 
zepa,2616,233596,4,zepá,zepa,rr: 
erick,2634,222639,4,erick0,erik4,rr: 
arendt,2635,230002,4,ã#rėnd0t0,erin2,rr: 
zheng,2635,238216,4,zħeñg0,zeng2,rr: 
pail,2648,97211,4,pâìl,peyl2,rr: 
pate,2678,85832,4,pâtè,peyt,rr: 
wrest,2678,102548,4,w0rest,rest2,rr: 
frei,2678,186417,4,frèî,fruy2,rr: 
raitt,2678,209761,4,râìtt,reyt2,rr: 
valle,2748,112625,4,vâllè,veyl2,rr: 
tex,2748,123380,4,tex,teks1,rr: 
dux,2748,139794,4,dux,duks2,rr: 
techs,2748,145698,4,tecħs,teks2,rr: 
vail,2748,157933,4,vâìl,veyl3,rr: 
fucks,2748,182156,4,fuck0s,fuks,rr: 
dike,2748,222733,4,dîkè,duyk2,rr: 
dern,2756,167065,4,dèŕn,durn,rr: 
fearn,2756,229721,4,fèàŕn,furn2,rr: 
dime,2758,133901,4,dîmè,duym,rr: 
vets,2778,51883,4,vets,vets,rr: 
fussed,2778,79584,4,fussèð,fust,rr: 
sedge,2824,124246,4,sedĝè,sedj,rr: 
whelp,2846,2624997,4,wħelp,welp,rr: 
sage,2848,38658,4,sâĝè,seyj,rr: 
yale,2848,48596,4,yâlè,yeyl,rr: 
aches,2848,56419,4,âcħès,eyks,rr: 
wail,2848,59377,4,wâìl,weyl2,rr: 
salle,2848,90846,4,sâllè,seyl3,rr: 
weyl,2848,159678,4,weyl,weyl3,rr: 
wale,2848,218468,4,wâlè,weyl4,rr: 
glas,3418,155279,4,glas,glas2,rr: 
kisser,3418,187007,4,kissèŕ,kisa,rr: 
choe,3425,228262,4,ĉħôè,khoe2,rr: 
leed,3428,145304,4,lêèd,liyd3,rr: 
kiel,3448,135946,4,kìêl,kiyl3,rr: 
leake,3448,224726,4,lêàkè,liyk3,rr: 
leal,3448,229175,4,lêàl,liyl,rr: 
lien,3458,68334,4,lìên,liyn2,rr: 
chow,3458,101836,4,ĉħõw0,khow1,rr: 
kean,3458,134835,4,kêàn,kiyn3,rr: 
keene,3458,139678,4,kêènè,kiyn4,rr: 
chao,3458,145005,4,ĉħàõ,khow2,rr: 
jeane,3458,171205,4,jêànè,jiyn4,rr: 
liese,3468,123212,4,lìêśè,liyz3,rr: 
keyes,3468,139718,4,kêy0èś,kiyz2,rr: 
hollar,3514,130599,4,hollàŕ,hola1,rr: 
holler,3514,158395,4,hollèŕ,hola2,rr: 
hobble,3514,177817,4,hobblè,hobl,rr: 
knicker,3514,220171,4,k0nick0èŕ,nika,rr: 
nears,3516,112150,4,nėàŕś,niaz,rr: 
nibs,3516,144225,4,nibś,nibz,rr: 
nipper,3516,162001,4,nippèŕ,nipa,rr: 
hobs,3516,221985,4,hobś,hobz3,rr: 
mears,3516,226185,4,mėàŕś,miaz,rr: 
milled,3524,99666,4,millèd,mild,rr: 
kneel,3548,61860,4,k0nêèl,niyl4,rr: 
neale,3548,87950,4,nêàlè,niyl5,rr: 
inks,3548,96243,4,iñks,inks,rr: 
nicks,3548,107344,4,nick0s,niks1,rr: 
gouge,3548,109945,4,gõùĝè,gowj,rr: 
kneale,3548,178891,4,k0nêàlè,niyl6,rr: 
neile,3548,185178,4,nêìlè,niyl7,rr: 
miele,3548,193756,4,mìêlè,miyl2,rr: 
niel,3548,194318,4,nìêl,niyl8,rr: 
nix,3548,206960,4,nix,niks2,rr: 
hoose,3558,229530,4,höòsè,hoos,rr: 
hots,3578,130683,4,hots,hots,rr: 
neave,3578,152515,4,nêàvè,niyv,rr: 
peake,3648,75783,4,pêàkè,piyk2,rr: 
peek,3648,82614,4,pêèk,piyk3,rr: 
wreak,3648,83979,4,w0rêàk,riyk1,rr: 
rix,3648,94870,4,rix,riks1,rr: 
reek,3648,101789,4,rêèk,riyk2,rr: 
pique,3648,102781,4,pïqùè,piyk4,rr: 
peal,3648,107118,4,pêàl,piyl2,rr: 
ricks,3648,107659,4,rick0s,riks2,rr: 
zeke,3648,112701,4,zêkè,ziyk,rr: 
reale,3648,157468,4,rêàlè,riyl3,rr: 
riel,3648,220702,4,rìêl,riyl4,rr: 
pease,3668,86942,4,pêàśè,piyz2,rr: 
rips,3668,93261,4,rips,rips,rr: 
peet,3678,189042,4,pêèt,piyt3,rr: 
hund,3725,203784,4,hund,hund,rr: 
eared,3726,231942,4,ėàŕèd,iurd,rr: 
heil,3748,128247,4,hèîl,huyl,rr: 
tics,3748,158802,4,tics,tiks2,rr: 
teale,3748,161180,4,têàlè,tiyl2,rr: 
timms,3756,135363,4,timmś,timz,rr: 
hums,3756,135704,4,humś,humz,rr: 
hearne,3756,148071,4,hèàŕnè,hurn3,rr: 
hern,3756,187965,4,hèŕn,hurn4,rr: 
teas,3768,45853,4,têàś,tiyz3,rr: 
hearse,3768,77844,4,hèàŕsè,hurs,rr: 
highs,3768,85732,4,hîg0ħś,huyz,rr: 
geis,3768,177909,4,gèîś,guyz3,rr: 
gust,3778,64029,4,gust,gust,rr: 
vive,3778,102705,4,vïvè,viyv,rr: 
teat,3778,138355,4,têàt,tiyt,rr: 
chau,3825,179235,4,ćħàu=,shoe2,rr: 
shen,3825,218722,4,ŝħen,shen,rr: 
sikh,3848,53647,4,sïkħ,siyk2,rr: 
wickes,3848,99267,4,wick0ès,wiks1,rr: 
wicks,3848,111239,4,wick0s,wiks2,rr: 
seaq,3848,146679,4,sêàq,siyk3,rr: 
seige,3848,155757,4,sêìĝè,siyj2,rr: 
seale,3848,181293,4,sêàlè,siyl2,rr: 
wix,3848,209246,4,wix,wiks3,rr: 
weick,3848,237423,4,wêìck0,wiyk3,rr: 
schon,3855,230553,4,ŝc0ħon,shon2,rr: 
eames,3856,117166,4,êàmèś,iymz,rr: 
hsiao,3858,230456,4,ħŝìàõ,show,rr: 
wheeze,3868,95271,4,wħêèzè,wiyz,rr: 
wisp,3868,106740,4,wisp,wisp,rr: 
cees,3868,199374,4,çêèś,siyz4,rr: 
whipps,3868,232060,4,wħipps,wips2,rr: 
shai,3878,60590,4,ŝħàî,shuy2,rr: 
cist,3878,213420,4,çist,sist,rr: 
coddle,4524,232517,4,coddlè,kodl,rr: 
combe,4525,85590,4,cômb0è,koem2,rr: 
cohn,4525,88866,4,côħn,koen2,rr: 
loam,4525,93043,4,lôàm,loem,rr: 
lewd,4525,101230,4,lëw0d,lood,rr: 
cooed,4525,109018,4,cöòèd,kood,rr: 
conde,4525,139928,4,condè,kond2,rr: 
lope,4526,235585,4,lôpè,loep,rr: 
comp,4556,83475,4,comp,komp,rr: 
loos,4556,91612,4,löòś,looz2,rr: 
coop,4556,116949,4,cöòp,koop2,rr: 
noam,5525,212202,4,nôàm,noem2,rr: 
ruud,5625,108861,4,rüùd,rood2,rr: 
rood,5625,111557,4,röòd,rood3,rr: 
roan,5625,122220,4,rôàn,roen2,rr: 
poof,5625,133796,4,pöòf,poof,rr: 
rohm,5625,180655,4,rôħm,roem3,rr: 
pows,5626,98980,4,pôw0ś,poez2,rr: 
rupe,5656,181298,4,rüpè,roop,rr: 
roms,5656,182731,4,romś,romz,rr: 
rost,5678,232477,4,rost,rost,rr: 
vocs,5748,180799,4,vocs,voks2,rr: 
yoke,5824,65336,4,yôkè,yoek1,rr: 
waddle,5824,71473,4,wāddlè,wodl,rr: 
yolk,5824,74681,4,yôl0k,yoek2,rr: 
pearse,6768,97867,4,pèàŕsè,purs4,rr: 
erps,6768,222555,4,èŕps,urps,rr: 
pyes,6768,2624997,4,pŷèś,puyz2,rr: 
tri,6778,177835,4,trî,truy2,rr: 
stirs,7816,78282,4,stìŕś,staz,rr: 
sten,7825,222424,4,sten,sten,rr: 
tien,7825,224322,4,tĩen,tyen,rr: 
cerf,7826,222308,4,çèŕf,surf3,rr: 
iles,7846,151706,4,îlèś,uylz3,rr: 
whorl,7846,233100,4,wħòŕl,wurl2,rr: 
suns,7856,86803,4,sunś,sunz2,rr: 
cern,7856,87255,4,çèŕn,surn,rr: 
sump,7856,106215,4,sump,sump,rr: 
somes,7856,171827,4,sőmèś,sumz2,rr: 
lauds,14286,177006,5,låùdś,lawdz3,rr: 
blase,14286,189588,5,blâśè,bleyz4,rr: 
calley,14348,138343,5,callêy0,kaliy2,rr: 
lackey,14348,147459,5,lack0êy0,lakiy,rr: 
karter,14671,140427,5,kār#tèŕ,karta2,rr: 
artis,16378,126735,5,ār#tis,artis,rr: 
pattie,16378,141493,5,pattìê,patiy3,rr: 
avi,16378,186969,5,āvï,arviy,rr: 
vallee,17348,189287,5,vallêè,valiy3,rr: 
dillie,23348,173676,5,dillìê,diliy3,rr: 
philly,23348,183993,5,þħillý,filiy2,rr: 
okey,25348,169562,5,ôkêy0,oekiy2,rr: 
oakey,25348,177174,5,ôàkêy0,oekiy3,rr: 
nellis,25348,183863,5,nellis,nelis,rr: 
lemur,34581,188989,5,lêmùŕ,liyma2,rr: 
milly,35348,57456,5,millý,miliy2,rr: 
hollis,35348,67886,5,hollis,holis,rr: 
nikki,35348,70793,5,nikkï,nikiy2,rr: 
golly,35348,73882,5,gollý,goliy,rr: 
inky,35348,75285,5,iñký,inkiy,rr: 
nicki,35348,122196,5,nick0ï,nikiy3,rr: 
mickie,35348,143230,5,mick0ìê,mikiy3,rr: 
nilly,35348,192746,5,nillý,niliy,rr: 
sica,38481,174407,5,sïcá,siyka2,rr: 
kolb,45241,182876,5,kôlb,koelb2,rr: 
kohler,45241,183304,5,kôħlèŕ,koela3,rr: 
conder,45251,147816,5,condèŕ,konda2,rr: 
loma,45251,157712,5,lômá,loema,rr: 
luka,45451,170310,5,lüká,looka4,rr: 
rhonda,56251,155154,5,rħondá,ronda,rr: 
roemer,56251,177267,5,rôèmèŕ,roema4,rr: 
laxey,144838,146632,6,laxêy0,laksiy,rr: 
